[{"name":"Attaboy","description":"Attaboy is the Kudos for those who give the most attaboy's.. The most prolific senders of Kudos deserve an attaboy Kudos!","quality":"Common","imagesrc":"https://s.gitcoin.co/static/v2/images/kudos/attaboy.8f696dcaa367.svg","idnumber":325},{"name":"Resilience","description":"Neither fire, nor ice, nor any weapon of war, nor any of the elements of the earth can get through to the resilient.  Kudos to you and your resilience through adversity of any kind.","quality":"Special","imagesrc":"https://s.gitcoin.co/static/v2/images/kudos/resilient.84bdb860043b.svg","idnumber":430},{"name":"Impossible Object","description":"Limited Edition Cellarius Kudos!  This kudos is just for fun.  If anyone in your repo is impossibly great contributor, send them this kudos!","quality":"Vrare","imagesrc":"https://s.gitcoin.co/static/v2/images/kudos/cellarius/Circle.02db1490d421.svg","idnumber":173},{"name":"React Reactor","description":"React is a force in the modern web, and so are those who can yield it.   Owners of this badge have demonstrated proficiency in React on a past project.","quality":"Common","imagesrc":"https://s.gitcoin.co/static/v2/images/kudos/react_reactor.482a207bc991.svg","idnumber":100},{"name":"Problem Solver","description":"Is there anything better than working with someone who can rapidly solve problems?  The modern web is built by Agile, and favors experimentation and iteration.  Owners of this badge, well, they SOLVE PROBLEMS!","quality":"Common","imagesrc":"https://s.gitcoin.co/static/v2/images/kudos/problem_solver.b2215da6f683.svg","idnumber":69},{"name":"Node Js Wizard","description":"Remember the bad old days in the web before javascript?  Javascript powers the modern web, top to bottom and we <3 the usage of javascript here at Gitcoin.  Owners of this badge are masters of the asyncronous, event driven, programming language and specifically, of server side scripting!","quality":"Common","imagesrc":"https://s.gitcoin.co/static/v2/images/kudos/node_js_wizard.49e636ec4267.svg","idnumber":94},{"name":"Big Bot","description":"Just for fun, this Gitcoin Robot is a way of celebrating the contributors in your life.","quality":"Rare","imagesrc":"https://s.gitcoin.co/static/v2/images/kudos/robot_large.1b91802cc667.svg","idnumber":137},{"name":"Pythonista","description":"Pythonistas are loyal users of the Python programming language.","quality":"Common","imagesrc":"https://s.gitcoin.co/static/v2/images/kudos/pythonista.e7a851569145.svg","idnumber":96},{"name":"Go Developer","description":"Looking for someone who can Go Go Go and BUIDL in Go?  This kudos is for you.","quality":"Special","imagesrc":"https://s.gitcoin.co/static/v2/images/kudos/go_developer.6a8228167b27.svg","idnumber":108},{"name":"Craftsman","description":"Know a crafts-man?  A craftsperson kudos is a great way to celebrate the tools we use and the people that use them!","quality":"Rare","imagesrc":"https://s.gitcoin.co/static/v2/images/kudos/craftsman.190484704711.svg","idnumber":120},{"name":"Design Star","description":"Know that feeling early in a project when you're just putting pencil to paper, figuring out what things are going to look like?  Owners of this badge at Design Stars, delivering tons of value on aesthetics, UX, and otherwise shaping the very projects they work on!","quality":"Common","imagesrc":"https://s.gitcoin.co/static/v2/images/kudos/design_star.8b86d10ccc7b.svg","idnumber":73},{"name":"Burst Of Energy","description":"Limited Edition Cellarius Kudos!  This kudos is for the contributors to your repo that are a burst of energy!","quality":"Vrare","imagesrc":"https://s.gitcoin.co/static/v2/images/kudos/cellarius/Burst.61c8788ccd23.svg","idnumber":172},{"name":"Crystal Ball","description":"A crystal ball is just a way to predict the future, but hidden inside is a compelling story. Crystal Ball holders are visionaries that transform what’s happening into an understandable future.","quality":"Rare","imagesrc":"https://s.gitcoin.co/static/v2/images/kudos/growoss_crystalball.05670356ebc4.svg","idnumber":128},{"name":"Blockchain The World","description":"Know someone who's blockchain-izing the world?  Send them this badge.","quality":"Common","imagesrc":"https://s.gitcoin.co/static/v2/images/kudos/blockchain_the_world.8f32a857a178.svg","idnumber":133},{"name":"Collaboration Machine","description":"Is there anything better than working with a collaboration machine?  Known for their communication skills, rapid value delivery, and great attitudes, Collaboration Machines are a huge asset to the modern programming ecosystem!","quality":"Common","imagesrc":"https://s.gitcoin.co/static/v2/images/kudos/collaboration_machine.cb7c6f95dbe3.svg","idnumber":60},{"name":"Red Stapler","description":"Has anyone seen my stapler?","quality":"Special","imagesrc":"https://s.gitcoin.co/static/v2/images/kudos/red_stapler.e0fe6e7c3410.svg","idnumber":186},{"name":"Open Sea Salty Dog","description":"An OpenSea Salty Dog navigates the churning waters of the NFT market, creates liquidity, and helps keep the operation shipshape.","quality":"Common","imagesrc":"https://s.gitcoin.co/static/v2/images/kudos/open_sea_salty_dog.9786930311fd.svg","idnumber":806},{"name":"Backend Architect","description":"Limited Edition Cellarius Kudos! A backend architect is not only the keeper of the ins and outs but also the holder of information and the intricacies of a system.","quality":"Vrare","imagesrc":"https://s.gitcoin.co/static/v2/images/kudos/cellarius/backend_architect.fbb661fb16de.svg","idnumber":166},{"name":"Trusted Contributor","description":"Limited Edition Cellarius Kudos!A trusted contributor checks all the boxes of being not only an expert in their domain but reliable and dependable. They thrive on being called upon and fulfilling any tasked mission.","quality":"Vrare","imagesrc":"https://s.gitcoin.co/static/v2/images/kudos/cellarius/trusted_contributor.2139410d0bd1.svg","idnumber":171},{"name":"Zk Snarks","description":"For the users of the spooky math ZK Snarks","quality":"Common","imagesrc":"https://s.gitcoin.co/static/v2/images/kudos/zk_snarks.3fbde90b358c.svg","idnumber":327},{"name":"Helping Hand","description":"Need a helping hand for your project.  Start with an owner of this 'Helping Hand' badge!","quality":"Rare","imagesrc":"https://s.gitcoin.co/static/v2/images/kudos/helping_hand.cca7f3608f12.svg","idnumber":93},{"name":"Gitcoin Tree","description":"A tree that sustains open source.  Just for fun","quality":"Rare","imagesrc":"https://s.gitcoin.co/static/v2/images/kudos/gitcoin_tree.3cd676a2e60b.svg","idnumber":153},{"name":"Drupal Brainiac","description":"Want to ship content on the modern web?  Drupal is where it's at.  The leading Open Source CMS has provided tons of value to the modern web, and adding a Drupal Brainiac to your project is a sure fire way to make your CMS fly!","quality":"Common","imagesrc":"https://s.gitcoin.co/static/v2/images/kudos/drupal_brainiac.b6d3101abf05.svg","idnumber":65},{"name":"Magical Unicorn","description":"Know someone who's contributions are magical? Send them this kudos to celebrate their contributions :)","quality":"Rare","imagesrc":"https://s.gitcoin.co/static/v2/images/kudos/magic_unicorn.0f0ab5150ae3.svg","idnumber":185},{"name":"Gitcoin Sustainer","description":"A very special, limited edition, Kudos, for sustainers of Gitcoin.","quality":"Rare","imagesrc":"https://s.gitcoin.co/static/v2/images/kudos/gitcoin_sustainer.90f881bcb465.svg","idnumber":119},{"name":"Always Shipping","description":"Know who we LOVE working with?  Programmers who are always shipping code!  Always. Be. Shipping.","quality":"Common","imagesrc":"https://s.gitcoin.co/static/v2/images/kudos/always_shipping.c794a03856bc.svg","idnumber":78},{"name":"Flying Pony","description":"Flying Ponies take risks, inspire other ponies to think big to achieve big ideas. We turn lofty ideas into something tangible. We are fearless about the outcome, sometimes to our own detriment.","quality":"Common","imagesrc":"https://s.gitcoin.co/static/v2/images/kudos/flying_pony.84914e567e19.svg","idnumber":104},{"name":"Php Superstar","description":"PHP -- The og web developers programming language!  Know whats cool about PHP?  It's a recursive acronym, \"PHP Hypertext Processor\".  Want a PHP programmer for your project? Look no further than to owners of this badge!","quality":"Special","imagesrc":"https://s.gitcoin.co/static/v2/images/kudos/php_superstar.b0a2d13e7fa5.svg","idnumber":89},{"name":"Direct","description":"Holders of this badge seek the most straightforward ways to solve problem. Our great challenge is finding the shortest path to the truth","quality":"Rare","imagesrc":"https://s.gitcoin.co/static/v2/images/kudos/direct.57b4d0060836.svg","idnumber":127},{"name":"Devcon 4","description":"For your friends & family who came to Devcon 4 with you.","quality":"Common","imagesrc":"https://s.gitcoin.co/static/v2/images/kudos/devcon_4.032803ac97bd.svg","idnumber":113},{"name":"Hard Worker","description":"Hard workers are diligent and vigilent at doing the best they can on everything they do.","quality":"Rare","imagesrc":"https://s.gitcoin.co/static/v2/images/kudos/hard_worker.580a991efd56.svg","idnumber":142},{"name":"Party Parrot","description":"Know someone who's a party to be around?  Then this party parrot is for them!","quality":"Rare","imagesrc":"https://s.gitcoin.co/static/v2/images/kudos/party_parrot.ea7164d579f4.svg","idnumber":395},{"name":"Carlos Matos","description":"hey hey hey... HEY HEY HEY!  wassa wassa wassa gitconnnecctttt!","quality":"Common","imagesrc":"https://s.gitcoin.co/static/v2/images/kudos/carlos_matos.2f836abccd7a.svg","idnumber":815},{"name":"Linux Wizard","description":"All hail the Linux Penguin!  Linux is a force in open source, powering millions of websites and businesses.  Owners of this badge are known for their mastery of the Linux family of Operating Systems!","quality":"Common","imagesrc":"https://s.gitcoin.co/static/v2/images/kudos/linux_wizard.05b4b3248508.svg","idnumber":52},{"name":"Django Pony","description":"Flying Ponies take risks, inspire other ponies to think big to achieve big ideas. We turn lofty ideas into something tangible. We are fearless about the outcome, sometimes to our own detriment.","quality":"Rare","imagesrc":"https://s.gitcoin.co/static/v2/images/kudos/flying_pony.84914e567e19.svg","idnumber":114},{"name":"Gitcoin Bot","description":"Just for fun, this Gitcoin Robot is a way of celebrating the contributors in your life.","quality":"Common","imagesrc":"https://s.gitcoin.co/static/v2/images/kudos/robot_medium.abe9b0d0c201.svg","idnumber":131},{"name":"The Flirterer","description":"The fliterer can be seen at crypto conferences smoking weed, flirting, and/or talking about prices","quality":"Common","imagesrc":"https://s.gitcoin.co/static/v2/images/kudos/the_flirterer.54d6d06946f9.svg","idnumber":324},{"name":"Blockchain Utopia","description":"Got a Utopian vision for a blockchain-ized world?  This badge is for you.","quality":"Rare","imagesrc":"https://s.gitcoin.co/static/v2/images/kudos/blockchain_utopia.027288f14506.svg","idnumber":115},{"name":"Freedom","description":"Is there someone out there who is creating a better world? A more free world?  Send them the 'freedom' kudos!","quality":"Rare","imagesrc":"https://s.gitcoin.co/static/v2/images/kudos/freedom.1855f3eb1db9.svg","idnumber":122},{"name":"Fast Response","description":"For those communicators who are reliable and always quickly responding","quality":"Rare","imagesrc":"https://s.gitcoin.co/static/v2/images/kudos/fast_response.8a8445d9c04b.svg","idnumber":164},{"name":"I Was Told There Would Be Lambos","description":"I was told there would be lambos on the moon","quality":"Common","imagesrc":"https://s.gitcoin.co/static/v2/images/kudos/i_was_told_there_would_be_lambos.97e77965bfc8.svg","idnumber":331},{"name":"Redux Programmer","description":"Need someone who can deliver value in Redux?  Owners of this badge are renown for their ability to work effciently in Redux.","quality":"Special","imagesrc":"https://s.gitcoin.co/static/v2/images/kudos/redux_programmer.b129693a184e.svg","idnumber":92},{"name":"Eth Hacker","description":"You create value out of bits as an ETH Hacker!","quality":"Vrare","imagesrc":"https://s.gitcoin.co/static/v2/images/kudos/eth_hacker2.cb5aa556312c.svg","idnumber":165},{"name":"Collaboration Robot","description":"Collab Robots push the envelope. They make connections and find ways to build new ideas. With our powers, we can develop collabs with the smallest or largest machines.","quality":"Common","imagesrc":"https://s.gitcoin.co/static/v2/images/kudos/collaboration_robot.69bae491f5d1.svg","idnumber":116},{"name":"Kauri Pioneer","description":"Cheers to you, one of the first Kauri contributors!","quality":"Rare","imagesrc":"https://s.gitcoin.co/static/v2/images/kudos/kauri_1.d335211161dc.svg","idnumber":189},{"name":"Fast Turn Around","description":"Want someone who ships deliverables quick?  Owners of this 'fast turnaround' kudos are the first place to look!","quality":"Common","imagesrc":"https://s.gitcoin.co/static/v2/images/kudos/fast_turn_around.6892e7e1c95a.svg","idnumber":86},{"name":"Arts And Farts","description":"Need someone who is going to create beautiful designs of any kind?  Check out the owners of the 'Arts and Farts' Kudos.","quality":"Rare","imagesrc":"https://s.gitcoin.co/static/v2/images/kudos/arts_and_farts.f4457fb20e29.svg","idnumber":99},{"name":"Above And Beyond","description":"Owners of this badge are always under-promising and over-delivering.  They go 'above and beyond' for their clients!","quality":"Common","imagesrc":"https://s.gitcoin.co/static/v2/images/kudos/above_and_beyond.803074b4cba8.svg","idnumber":72},{"name":"Super Juggler","description":"Jugglers are known for their joyous attitude and their ability to manage multiple balls in the air at once.  Owners of this badge can contribute meaningfully to several projects at once and not let a single one drop!","quality":"Common","imagesrc":"https://s.gitcoin.co/static/v2/images/kudos/super_juggler.c67eb3c624f3.svg","idnumber":71},{"name":"Lightning Fast","description":"Limited Edition Cellarius Kudos! The holder of this badge needs no introduction. Work is completed quickly as is a flash of lightning.","quality":"Vrare","imagesrc":"https://s.gitcoin.co/static/v2/images/kudos/cellarius/lightning_fast.278e28ce4b5e.svg","idnumber":169},{"name":"Fontend Wizard","description":"A frontend wizard mixes things up to create a beautiful UX.","quality":"Rare","imagesrc":"https://s.gitcoin.co/static/v2/images/kudos/frontend_alchemist.9b97f006c070.svg","idnumber":147},{"name":"Common Pepe","description":"The common pepe is the Ethereum community's answer to the Rare Pepe phenomenon.","quality":"Common","imagesrc":"https://s.gitcoin.co/static/v2/images/kudos/pepe.4b6e2d30611d.svg","idnumber":323},{"name":"Release Early And Often","description":"With the goal of releasing in mind, we help sustain the ecosystem by shipping quickly to learn quickly.","quality":"Rare","imagesrc":"https://s.gitcoin.co/static/v2/images/kudos/release_early_and_often.aa20a8e942ee.svg","idnumber":126},{"name":"Angular Royalty","description":"AngularJS is a great extension of javsacript, and we love how it lets us declare dynamic views for our dApps!  Owners of this badge are royalty of the AngularJS programming framework!","quality":"Common","imagesrc":"https://s.gitcoin.co/static/v2/images/kudos/angular_royalty.2e0b2bf5aec2.svg","idnumber":63},{"name":"Grow Open Source","description":"Owners of this Kudos embody Gitcoin's mission of 'Grow Open Source'","quality":"Special","imagesrc":"https://s.gitcoin.co/static/v2/images/kudos/grow_open_source.3938ed3a78b7.svg","idnumber":83},{"name":"Backend Star","description":"A shining star of all things hidden in the backend of applications.","quality":"Special","imagesrc":"https://s.gitcoin.co/static/v2/images/kudos/backend_star.dc24242064b0.svg","idnumber":148},{"name":"Struck Oil","description":"Know someone who just unlocks value all the time?  Send them the 'struck oil' Kudos!","quality":"Rare","imagesrc":"https://s.gitcoin.co/static/v2/images/kudos/struck_oil.ef3d050bb0f5.svg","idnumber":121},{"name":"Ether Gun","description":"Know someone who produces and distributes value at a rapid clip?  Send them the Ether Gun Kudos!","quality":"Common","imagesrc":"https://s.gitcoin.co/static/v2/images/kudos/ethergun.78c026ad0d7f.svg","idnumber":588},{"name":"Eye For Detail","description":"Looking for someone who has a great eye for detail?  Look no further than this eye for detail kudos badge.","quality":"Rare","imagesrc":"https://s.gitcoin.co/static/v2/images/kudos/eye_for_detail.a0570e112701.svg","idnumber":102},{"name":"Mega Open Collaborator","description":"\"Be open to the point of promiscuity\" is one of our favorite points from the famous essay from Eric Raymond entitled \"The Cathedral and the Bazaar\".  Owners of this badge embody the principle of Openness from the Cathedral and the Bazaar.","quality":"Common","imagesrc":"https://s.gitcoin.co/static/v2/images/kudos/mega_open_collaborator.768aef495354.svg","idnumber":68},{"name":"Freedom","description":"This bird is free to work on what it wants, when it wants. Making impact where they feel necessary, and always having leverage over your life?  Then this kudos is for you!","quality":"Rare","imagesrc":"https://s.gitcoin.co/static/v2/images/kudos/birds.16ea05e1ccd7.svg","idnumber":150},{"name":"Jquery Fixer","description":"jQuery is a force in the modern web.  By solving compatibilty issues across browsers, and providing a friendly interface for developing AJAX websites, jQuery won our <3s.  To owners of this badge, thank you for using jQuery to provide Fixes to all!","quality":"Common","imagesrc":"https://s.gitcoin.co/static/v2/images/kudos/jquery_fixer.a397f2350c82.svg","idnumber":58},{"name":"Firedog","description":"This is fine.. Everything is fine.  Know someone who's cool under pressure?  Then this kudos is for them!","quality":"Rare","imagesrc":"https://s.gitcoin.co/static/v2/images/kudos/firedog.e1c5bdd34e58.svg","idnumber":386},{"name":"Oddjobs","description":"Limited Edition Cellarius Kudos! Holders of these badges are highly skilled at many things. Their talents are unlimited and sometimes at odds on the spectrum of skills.","quality":"Vrare","imagesrc":"https://s.gitcoin.co/static/v2/images/kudos/cellarius/oddjobs.60b2c63ef091.svg","idnumber":170},{"name":"Html Celebrity","description":"Looking for someone who writes clean, standards-compliant, HTML?  Look no further than this HTML Celebrity kudos.","quality":"Common","imagesrc":"https://s.gitcoin.co/static/v2/images/kudos/html_celebrity.31addff7ebe9.svg","idnumber":101},{"name":"Creative","description":"Limited Edition Cellarius Kudos!  This kudos is for the squiggles, not the lines.  If your contributor is very creative, send them this kudos!","quality":"Vrare","imagesrc":"https://s.gitcoin.co/static/v2/images/kudos/cellarius/Spaghetti.01a72f055dc2.svg","idnumber":177},{"name":"Pragmatic","description":"Got someone in your life who is extremely pragmatic?  This kudos is for them.","quality":"Rare","imagesrc":"https://s.gitcoin.co/static/v2/images/kudos/pragmatic.1c58dddff6f0.svg","idnumber":389},{"name":"Squahser Of Bugs","description":"A bug squasher makes bugs dissapear like magic.","quality":"Rare","imagesrc":"https://s.gitcoin.co/static/v2/images/kudos/bug_squasher_new.399ccf8473da.svg","idnumber":149},{"name":"Django Cowboy","description":"Faster than fast on django.  Better than the best.  HODLers of this badge are great at creating beautiful apps in django!","quality":"Rare","imagesrc":"https://s.gitcoin.co/static/v2/images/kudos/django_cowboy.f9fd629ce7ed.svg","idnumber":146},{"name":"Heros Honour","description":"Know someone who's a hero?  Send them this video-game-inspired, badge.","quality":"Rare","imagesrc":"https://s.gitcoin.co/static/v2/images/kudos/heros_honour.50e783d55123.svg","idnumber":132},{"name":"Happy Holidays","description":"hohoho! happy holidays!","quality":"Common","imagesrc":"https://s.gitcoin.co/static/v2/images/kudos/holiday_theme.a0d0cdc173b8.svg","idnumber":811},{"name":"To The Moon","description":"This kudos is for users who are taking the ecosystem to the moon!","quality":"Common","imagesrc":"https://s.gitcoin.co/static/v2/images/kudos/climb_the_ladder.bba4ad80c5b8.svg","idnumber":118},{"name":"Product Wizard","description":"Looking for someone to put on their product wizard's cap and deliver massive value to your project?  This kudos is for you!","quality":"Common","imagesrc":"https://s.gitcoin.co/static/v2/images/kudos/product_wizard.5a6a8ddefa18.svg","idnumber":109},{"name":"Diamond","description":"Limited Edition Cellarius Kudos!  This kudos is for any contributor who is a diamond!","quality":"Vrare","imagesrc":"https://s.gitcoin.co/static/v2/images/kudos/cellarius/Diamond.6b58489ebd41.svg","idnumber":174},{"name":"Popcorn","description":"For the popcorn.gif moments in your life.","quality":"Common","imagesrc":"https://s.gitcoin.co/static/v2/images/kudos/popcorn.5068b9a2aa9e.svg","idnumber":330},{"name":"Qa Ninja","description":"Rarely heard or seen, the modern QA Ninja is a hyper-efficient finder and reporter of bugs.  Got a number input on an HTML form?  They'll find a way to type 'LIZARD' into it?  Buffer overflow somewhere in your dApp?  They'll find it.  QA Ninjas make the web bug free, and we salute them!","quality":"Common","imagesrc":"https://s.gitcoin.co/static/v2/images/kudos/qa_ninja.4ea6be335fee.svg","idnumber":64},{"name":"Web3 Advocate","description":"Out with the old and in with the new! Kudos to knowledge sharers, crossing the void from web2 to web3.","quality":"Rare","imagesrc":"https://s.gitcoin.co/static/v2/images/kudos/kauri_2.b22f35d8111e.svg","idnumber":191},{"name":"Javascript Master Scriber","description":"Remember the web in the days before javascript?  No?  Neither can we!  Javascript powers the modern web, top to bottom and we <3 the usage of javascript here at Gitcoin.  Owners of this badge are masters of the asyncronous, event driven, programming language and specifically, of client side scripting!","quality":"Common","imagesrc":"https://s.gitcoin.co/static/v2/images/kudos/javascript_master_scriber.b5de31f9b663.svg","idnumber":54},{"name":"Level Up","description":"Owners of this badge are known for their ability to Level Up the teams and projects they work on","quality":"Common","imagesrc":"https://s.gitcoin.co/static/v2/images/kudos/level_up.d04c049f0010.svg","idnumber":97},{"name":"Tools","description":"This kudos is for the person creates the best tools!","quality":"Common","imagesrc":"https://s.gitcoin.co/static/v2/images/kudos/tools.57f93b659eac.svg","idnumber":141},{"name":"Sustainer","description":"Open Source Software is fraught with problems with sustainability.  Owners of this badge are fighting to change to tide and to make Open Source Software sustainable for generations to come!","quality":"Common","imagesrc":"https://s.gitcoin.co/static/v2/images/kudos/sustainer.4c060961ae3a.svg","idnumber":70},{"name":"Builder Of A Better World","description":"Owners of this badge are obsessed with BUIDLing a better world than what came before them.  We salute them for their dedication to making things better.","quality":"Common","imagesrc":"https://s.gitcoin.co/static/v2/images/kudos/builder_of_a_better_world.ec16ed893424.svg","idnumber":90},{"name":"Ipfs","description":"Know someone who's good at IPFS?  This kudos is for them","quality":"Rare","imagesrc":"https://s.gitcoin.co/static/v2/images/kudos/ipfs.963047dd8081.svg","idnumber":388},{"name":"Ember Master","description":"Ember is a great extension of javsacript, and we love how it lets use declare dynamic views for our dApps!  Owners of this badge are masters of the Ember programming framework!","quality":"Common","imagesrc":"https://s.gitcoin.co/static/v2/images/kudos/ember_master.d014be75b77b.svg","idnumber":103},{"name":"Firefighter","description":"Know someone who's great at putting out fires?  This firefighter badge is for them!","quality":"Special","imagesrc":"https://s.gitcoin.co/static/v2/images/kudos/firefighter.9e2c23f98e44.svg","idnumber":135},{"name":"Mad Scientist","description":"The mad scientist transforms the core primitives of logic, math, and physics into something greater (and madder) than the sum of it's parts. muhahahhaah!","quality":"Common","imagesrc":"https://s.gitcoin.co/static/v2/images/kudos/mad_scientist.f7dc1971c05b.svg","idnumber":429},{"name":"Java Doctor","description":"Is there anything better than a cup 'o' Joe in the morning? Java can be written once and run everywhere; so what better tool to BUIDL on in the modern, blockchain-enabled, web?  Owners of the Java Doctor badge are famous for their mastery of the Java programming language!","quality":"Common","imagesrc":"https://s.gitcoin.co/static/v2/images/kudos/java_doctor.3c286b4a3c51.svg","idnumber":56},{"name":"Christmas Creator","description":"Got a creator who did something great for you around Xmas?  Send them this Kudos.","quality":"Common","imagesrc":"https://s.gitcoin.co/static/v2/images/kudos/christmas_creator.cfdc4987fcf0.svg","idnumber":813},{"name":"Moksha","description":"Moksha is a term in Hinduism, Buddhism, Jainism and Sikhism which refers to various forms of emancipation, enlightenment, liberation, and release.","quality":"Common","imagesrc":"https://s.gitcoin.co/static/v2/images/kudos/Moksha.499ec860bcdc.svg","idnumber":322},{"name":"Good Communicator","description":"Holders of this badge are great communicators that help to clarify any situation.","quality":"Rare","imagesrc":"https://s.gitcoin.co/static/v2/images/kudos/good_communicator.47ab208d41c9.svg","idnumber":152},{"name":"Heart","description":"Limited Edition Cellarius Kudos!  This one is for contributors who show a lot of heart!","quality":"Vrare","imagesrc":"https://s.gitcoin.co/static/v2/images/kudos/cellarius/heart.adc090ed0fce.svg","idnumber":175},{"name":"Bee Of All Trades","description":"Are you a cross-pollinator?  Do you deliver value in a lot of places at once?  This 'Bee of all trades' badge is for you!","quality":"Special","imagesrc":"https://s.gitcoin.co/static/v2/images/kudos/bee_of_all_trades.864c12af9203.svg","idnumber":105},{"name":"Navigator","description":"Want to work with someone who can navigate through complexity and deliver on-time, on-scope, and on-budget?  Look no further than owneres of this kudos!","quality":"Common","imagesrc":"https://s.gitcoin.co/static/v2/images/kudos/direct.57b4d0060836.svg","idnumber":85},{"name":"Steampunk","description":"This one is just for fun and appreciation of steampunk artwork","quality":"Rare","imagesrc":"https://s.gitcoin.co/static/v2/images/kudos/steampunk.f804bfeb77ed.svg","idnumber":396},{"name":"Make Big Bucks","description":"When an unknown journalist finds your personal contact info, calls you up and then publishes a low-quality article taking your comments out of context, you, my friend, qualify for the Make Big Bucks Kudo","quality":"Rare","imagesrc":"https://s.gitcoin.co/static/v2/images/kudos/making_big_bucks.50c46be397ae.svg","idnumber":807},{"name":"Focus","description":"Know someone who has extremely good focus?  Send them a 'kudos' kudos.","quality":"Vrare","imagesrc":"https://s.gitcoin.co/static/v2/images/kudos/focus.ff0f2c4e1a01.svg","idnumber":123},{"name":"Helpotron","description":"The helpotron is your handy, helpful, robot friend.  This kudos is for any collaborator that you find really \"helpful\"!","quality":"Common","imagesrc":"https://s.gitcoin.co/static/v2/images/kudos/helpotron.5c2ee2894104.svg","idnumber":589},{"name":"Shillville","description":"Every Shill down in Shillville likes Open Source a lot. This Shillville badge is for the Shills in your life~!","quality":"Rare","imagesrc":"https://s.gitcoin.co/static/v2/images/kudos/shillville.4208b568a95b.svg","idnumber":188},{"name":"Mysql Hero","description":"MySQL is a great asset to modern web developers.  Looking for someone who knows MySQL?  This badge is for you.","quality":"Rare","imagesrc":"https://s.gitcoin.co/static/v2/images/kudos/mysql_hero.cd4774ee764c.svg","idnumber":106},{"name":"Gitcoin Minibot","description":"Just for fun, this Gitcoin Robot is a way of celebrating the contributors in your life.","quality":"Rare","imagesrc":"https://s.gitcoin.co/static/v2/images/kudos/robot_small.2d79ed6ac157.svg","idnumber":134},{"name":"Augment","description":"Choose your tools wisely young hero; for they will be important problem solvers for you during your web3 journey.","quality":"Common","imagesrc":"https://s.gitcoin.co/static/v2/images/kudos/cyberpunk_augment.edec54b3a5b0.svg","idnumber":485},{"name":"Infrastructure Ninja","description":"Just like every building needs a solid foundation, every website needs a great infrastructure.  Infrastructure Ninjas are rarely seen or heard, but they are omnipresent -- Quickly tackling the gnarly infrastructure issues that crop up in the modern web, and ensuring stability, peace, performance, and prosperity for inhabinants the modern web.","quality":"Common","imagesrc":"https://s.gitcoin.co/static/v2/images/kudos/infrastructure_ninja.9eeaa8aa3d7f.svg","idnumber":55},{"name":"Data Savvy","description":"Being Data-Driven is an asset in today's world.  Owners of this badge have mastered the abiltiy to gather, cultivate, clean, gain insight, and deliver value from a dataset","quality":"Common","imagesrc":"https://s.gitcoin.co/static/v2/images/kudos/data_savvy.932853052236.svg","idnumber":76},{"name":"Blockchain Engineer","description":"This kudos is for contributors to your project that make the blockchain work!","quality":"Vrare","imagesrc":"https://s.gitcoin.co/static/v2/images/kudos/blockchain_star.f08d9b4c9349.svg","idnumber":143},{"name":"Gitcoin Og","description":"You are an OG.  You are a pioneer of Gitcoin open source!","quality":"Rare","imagesrc":"https://s.gitcoin.co/static/v2/images/kudos/west.7637d0219342.svg","idnumber":144},{"name":"Foundation","description":"Limited Edition Cellarius Kudos!  This kudos is for those who lay a solid foundation.","quality":"Vrare","imagesrc":"https://s.gitcoin.co/static/v2/images/kudos/cellarius/Triangle.2dcf2d878fc8.svg","idnumber":178},{"name":"App Dev All Star","description":"Looking for an all star app developer?  This badge is for you.","quality":"Common","imagesrc":"https://s.gitcoin.co/static/v2/images/kudos/app_dev_all_star.d813be4ccf5b.svg","idnumber":107},{"name":"Shillin Like A Villian","description":"Know someone who so good at shillin' that they're shillin like a Villian?  This Kudos is for them!","quality":"Rare","imagesrc":"https://s.gitcoin.co/static/v2/images/kudos/shillin_like_a_villian.aa25d35462de.svg","idnumber":187},{"name":"Bug Finder","description":"Limited Edition Cellarius Kudos! These holders are insightful, and easily spot and solve the very hidden problems unseen to the naked eye.","quality":"Vrare","imagesrc":"https://s.gitcoin.co/static/v2/images/kudos/cellarius/bug_finder.c9aaa56be408.svg","idnumber":168},{"name":"C++ Scientist","description":"Need a programmer for your performant, object oriented, project that can manage their own memory and manage on-scope and on-budget!? Look no further; Owners of this badge are renown for their work in the C++ programming language.","quality":"Common","imagesrc":"https://s.gitcoin.co/static/v2/images/kudos/cpp_scientist.8d1834d81cee.svg","idnumber":339},{"name":"Mana From Heavens","description":"Open Source Software is mana from the heavens.  Celebrate someone who's provided value to your lift with this Kudos badge.","quality":"Special","imagesrc":"https://s.gitcoin.co/static/v2/images/kudos/mana_from_heavens.ab1e8e25b096.svg","idnumber":130},{"name":"Santas Elf","description":"this elf is here to wish you happy holidays!","quality":"Common","imagesrc":"https://s.gitcoin.co/static/v2/images/kudos/santas_elf.5acbbd236276.svg","idnumber":810},{"name":"Out Of This World Programmer","description":"A programmer that moves the ecosystem forward and out of this world.","quality":"Rare","imagesrc":"https://s.gitcoin.co/static/v2/images/kudos/out_of_this_world_programmer.cc3f5edfb0e1.svg","idnumber":151},{"name":"Mongo Db Programmer","description":"Want someone who can work efficiently with MongoDB?  Look no further than owners of this badge.","quality":"Common","imagesrc":"https://s.gitcoin.co/static/v2/images/kudos/mongo_db_programmer.5bfe1cfd9d9b.svg","idnumber":84},{"name":"Polyglot Programmer","description":"For those who love languages, programming or otherwise!","quality":"Special","imagesrc":"https://s.gitcoin.co/static/v2/images/kudos/polyglot_programmer.29893fb35c66.svg","idnumber":809},{"name":"Genius","description":"A Genius bring ideas to life. We activate creative thinking and push problem solving with our words and stories. The world is our experiment lab, and we are players in it.","quality":"Rare","imagesrc":"https://s.gitcoin.co/static/v2/images/kudos/a_genius.0dbe7caadbd1.svg","idnumber":138},{"name":"Night Owl","description":"Owners of this badge always seem to be up at night, SHIPling product to customers.","quality":"Special","imagesrc":"https://s.gitcoin.co/static/v2/images/kudos/night_owl.e27e57a005c4.svg","idnumber":88},{"name":"Creative Cat","description":"Are you a creative cat?  Are you always getting new, creative, ideas out to your team?  Then this kudos is for you.","quality":"Rare","imagesrc":"https://s.gitcoin.co/static/v2/images/kudos/creative_cat.ecf45e34a2fa.svg","idnumber":385},{"name":"Relase Early And Often","description":"Want to work with someone who RERO (Relase Early and Often)? RERO is a software development philosophy that emphasizes the importance of early and frequent releases.  This creates a tight feedback looop between devs and testers.  Want someone who releases frequently?  Owners of this badge are who you'll want to talk to!","quality":"Common","imagesrc":"https://s.gitcoin.co/static/v2/images/kudos/release_early_and_often.aa20a8e942ee.svg","idnumber":82},{"name":"Idea Person","description":"Idea people create value and warmth with the sheer radiance of their ideas.  They think outside the box, they combine left-brain and right brain.  They deliver value by thinking about things in a new way.","quality":"Common","imagesrc":"https://s.gitcoin.co/static/v2/images/kudos/idea_person.7275100e12bd.svg","idnumber":77},{"name":"Sunburst","description":"This person bring Gitcoin sunshine to OSS projects. We energize the project with what we do.","quality":"Rare","imagesrc":"https://s.gitcoin.co/static/v2/images/kudos/sunburst.5e24b75cc3f4.svg","idnumber":140},{"name":"Ruby On Rails Master","description":"Can anyone spin up websites faster than a Ruby on Rails Master? Owners of this badge are legitimately famous for their mastery of MVC website development, DRY, and use of Active Record.","quality":"Special","imagesrc":"https://s.gitcoin.co/static/v2/images/kudos/ruby_on_rails_master.4ff9722dddba.svg","idnumber":66},{"name":"Shill Colorado","description":"For your friends & family who just love to shill Colorado","quality":"Common","imagesrc":"https://s.gitcoin.co/static/v2/images/kudos/shill_colorado.132e970e2da6.svg","idnumber":112},{"name":"Rubber Ducky","description":"A ducky that helps solve your problems!  Always ask your ducky first when you can't figure something out :)","quality":"Special","imagesrc":"https://s.gitcoin.co/static/v2/images/kudos/coding_ducky.b36a34a423b0.svg","idnumber":145},{"name":"Elixer Mixer","description":"Elixer Mixers are known for their alchemy.  Just as a chemist combines fundamental chemical primitives to create potions that are near-magic, an Elixer Mixer combines functional programming with the Erlang VM to to produce low-latency, fault tolerant, systems!","quality":"Common","imagesrc":"https://s.gitcoin.co/static/v2/images/kudos/elixer_mixer.ecb3d8f003a9.svg","idnumber":59},{"name":"Css Gentle(wo)man","description":"CSS is one of the foundations of the modern web.  Owners of this badge are masters of building beautiful, mobile-friendly, products.","quality":"Common","imagesrc":"https://s.gitcoin.co/static/v2/images/kudos/css_gentle(wo)man.d973ff1df569.svg","idnumber":87},{"name":"Handy Woman","description":"Its great to have a someone handy around your house when your sink, plumbing, electricity, breaks.  Owners of this badge are digital handymen and handywomen.  They fix stuff, and do it with a smile on their face!","quality":"Common","imagesrc":"https://s.gitcoin.co/static/v2/images/kudos/handy_woman.3a8fbc2f5f05.svg","idnumber":75},{"name":"Delegation Machine","description":"Owners of this badge are known for their ability to clearly articulate requirements, to work with collaborators of all types, and to product value in a team atmosphere!","quality":"Common","imagesrc":"https://s.gitcoin.co/static/v2/images/kudos/delegation_machine.b43fa717de5c.svg","idnumber":98},{"name":"Cypherpunk Mind","description":"This Kudos is for those who have a cyberphunk mind.  Know someone who is the brains of the operation?  Send them this Kudos.","quality":"Special","imagesrc":"https://s.gitcoin.co/static/v2/images/kudos/cyberpunk_helm.2c35e37d78e9.svg","idnumber":484},{"name":"Powertool User","description":"Know someone who's great at setting up and using power tools!?  Send them a powertool user kudos.","quality":"Common","imagesrc":"https://s.gitcoin.co/static/v2/images/kudos/powertool_user.15c9245a3d14.svg","idnumber":124},{"name":"Cleanest Code","description":"Want to work with someone who is famous for having squeaky clean code?  Look no further than owners of the 'Cleanest Code' Kudos.","quality":"Common","imagesrc":"https://s.gitcoin.co/static/v2/images/kudos/cleanest_code.d77ad3650a13.svg","idnumber":81},{"name":"Bug Eliminator","description":"Limited Edition Cellarius Kudos! A bug eliminator skill is core to an efficient system or service. They effortlessly remove and resolve any bug with speed.","quality":"Vrare","imagesrc":"https://s.gitcoin.co/static/v2/images/kudos/cellarius/bug_eliminator.4dfdf8b5fcac.svg","idnumber":167},{"name":"Bug Squasher","description":"Splat goes the bug!  Owners of this badge are proficient at squashing bugs.","quality":"Common","imagesrc":"https://s.gitcoin.co/static/v2/images/kudos/bug_squasher.ba4772134959.svg","idnumber":110},{"name":"Open Source Freedom Fighter","description":"Hey, look -- In the sky, it's a bird.  No it's a plane.  No it's an Open Source Freedom Fighter!  OSS Freedom Fighters fight for liberty, justice, and open source code for all!","quality":"Common","imagesrc":"https://s.gitcoin.co/static/v2/images/kudos/open_source_freedom_fighter.a2c95113d5d4.svg","idnumber":67},{"name":"C Debugger","description":"Need a programmer for your performant, object oriented, project that can manage their own memory and manage on-scope and on-budget!? Look no further; Owners of this badge are renown for their work in the C programming language.","quality":"Common","imagesrc":"https://s.gitcoin.co/static/v2/images/kudos/c_debugger.868f2cf85215.svg","idnumber":91},{"name":"Shill Ethereum","description":"For your friends & family who just love to shill Ethereum","quality":"Common","imagesrc":"https://s.gitcoin.co/static/v2/images/kudos/shill_ethereum.485553aa085e.svg","idnumber":111},{"name":"Octo Kitteh","description":"Know someone who's a pro at git?  Know someone who's such an efficient worker that they've probably got eight handes?  This kudos is for htem.","quality":"Rare","imagesrc":"https://s.gitcoin.co/static/v2/images/kudos/git_octocat.d4354383f945.svg","idnumber":393},{"name":"Ruby Gem","description":"Is there anyone who knows more about 'gem's than someone who's good enough at Ruby, to be a 'Gem' themselves? Owners of this badge are known for their mastery of the Ruby programming language.","quality":"Common","imagesrc":"https://s.gitcoin.co/static/v2/images/kudos/ruby_gem.0eb8d056c501.svg","idnumber":62},{"name":"Mentor","description":"Is there smoeone out there who is a great mentor?  Then this kudos is for them","quality":"Rare","imagesrc":"https://s.gitcoin.co/static/v2/images/kudos/mentor.2e188d26d5c3.svg","idnumber":394},{"name":"Gitcoin Genesis","description":"The Gitcoin Genesis Badge is the rarest of the Gitcoin team badges.  Owners of this badge contributed to Gitcoin in a meaningful way in the way-back-when.","quality":"Legendary","imagesrc":"https://s.gitcoin.co/static/v2/images/kudos/gitcoin_genesis.35574e3ff98f.svg","idnumber":53},{"name":"Hadoop Admiral","description":"You are a Master of MapReduce, a sultan of reliable, distributed, and scalable computing.  Owners of this badge are infamous for their command of distributing processing of large data sets!","quality":"Common","imagesrc":"https://s.gitcoin.co/static/v2/images/kudos/hadoop_admiral.9e5069d2be1a.svg","idnumber":51},{"name":"Handyman","description":"Its great to have a handy man around your house when your sink, plumbing, electricity, breaks.  Owners of this badge are digital handymen and handywomen.  They fix stuff, and do it with a smile on their face!","quality":"Common","imagesrc":"https://s.gitcoin.co/static/v2/images/kudos/handyman.8c15e36f9c63.svg","idnumber":74},{"name":"Unix Philosophy","description":"Owners of this badge 'Write programs that do one thing and do it well'; just like the UNIX OS!","quality":"Common","imagesrc":"https://s.gitcoin.co/static/v2/images/kudos/unix_philosophy.fbe14b0e9a5b.svg","idnumber":61},{"name":"Gitter Of Coins","description":"For the contributors on the platform that, well... , GIT coins.","quality":"Common","imagesrc":"https://s.gitcoin.co/static/v2/images/kudos/gitter_of_coins.8353c9022d26.svg","idnumber":129},{"name":"Do More Faster","description":"Is there anything better than working with someone who can rapidly iterate?  The modern web is built by Agile, and favors experimentation and iteration.  Owners of the Do More Faster badge, well, they DO MORE FASTER!","quality":"Common","imagesrc":"https://s.gitcoin.co/static/v2/images/kudos/do_more_faster.43839ed493d9.svg","idnumber":57},{"name":"Infinite Energy","description":"Limited Edition Cellarius Kudos!  This kudos is for contributors who are infinite sources of energy to your project!","quality":"Vrare","imagesrc":"https://s.gitcoin.co/static/v2/images/kudos/cellarius/Infinite.d2e7fb105b26.svg","idnumber":176},{"name":"Give First","description":"Know someone who's always giving without expectation of return?  This kudos is for them.","quality":"Rare","imagesrc":"https://s.gitcoin.co/static/v2/images/kudos/give_first.35334e9dec6d.svg","idnumber":387},{"name":"Its A Trap","description":"\"Its a trap\" is a line from one of your favorite movies.  Send it to the contributors in your life who are good at avoiding traps.","quality":"Common","imagesrc":"https://s.gitcoin.co/static/v2/images/kudos/trap_avoider.9892b36c2813.svg","idnumber":321},{"name":"Party Robot","description":"Is one of your teammates just a lot of fun to be around?  Send them a Party Robot Kudos.","quality":"Common","imagesrc":"https://s.gitcoin.co/static/v2/images/kudos/party_robot.b6ced2c5ffdf.svg","idnumber":125},{"name":"C Sharp Programmer","description":"Need someone who uses strong typing, declarative, functional, code?  Look no further than the owners of the C# Blacksmith Kudos!","quality":"Common","imagesrc":"https://s.gitcoin.co/static/v2/images/kudos/c_sharp_programmer.1b0f9ce93c36.svg","idnumber":80},{"name":"Path Finder","description":"Pathfinders are masters of navigation, able to pave ways forward without hesitation. The amount of trees or woods are no concern - we won’t rest until the right path has been uncovered.","quality":"Rare","imagesrc":"https://s.gitcoin.co/static/v2/images/kudos/path_finder.035c56311813.svg","idnumber":117}]